Episode,Loss,Average Q
4,3.944204807281494,-0.921213686466217
4,3.937220573425293,-0.993261456489563
