Episode,Loss,Average Q
4,6.810947418212891,1.1747429370880127
4,6.770174026489258,1.1751976013183594
