Episode,TotalReward
0,143.42276
1,45.963337
2,100.1316
3,69.96895
4,85.46331
5,157.13737
6,162.67184
7,79.83907
