Episode,TotalReward
0,60.003193
1,124.90352
2,76.28927
3,46.38239
4,96.7659
